datetime,ip,position,row,column,temperature-probe,temperature-usb,HOBO,Adjusted,Correction Factor
2023-07-06-11-38,10.9.1.88,159-001-001,1,1,7.43,9.37,8.969,9.16,1.73
2023-07-06-11-39,10.9.1.88,159-001-001,1,1,7.75,9.5,9.068,9.48,1.73
2023-07-06-11-40,10.9.1.88,159-001-001,1,1,7.56,9.56,8.994,9.29,1.73
2023-07-06-11-41,10.9.1.88,159-001-001,1,1,7.12,9.5,8.845,8.85,1.73
2023-07-06-11-42,10.9.1.88,159-001-001,1,1,7,9.43,8.721,8.73,1.73
2023-07-06-11-43,10.9.1.88,159-001-001,1,1,6.68,9.25,8.622,8.41,1.73
2023-07-06-11-44,10.9.1.88,159-001-001,1,1,6.62,9.18,8.547,8.35,1.73
2023-07-06-11-45,10.9.1.88,159-001-001,1,1,6.62,9.12,8.497,8.35,1.73
2023-07-06-11-46,10.9.1.88,159-001-001,1,1,6.68,9,8.472,8.41,1.73
2023-07-06-11-47,10.9.1.88,159-001-001,1,1,6.68,8.87,8.448,8.41,1.73
2023-07-06-11-48,10.9.1.88,159-001-001,1,1,6.68,8.87,8.448,8.41,1.73
2023-07-06-11-49,10.9.1.88,159-001-001,1,1,6.68,8.87,8.448,8.41,1.73
2023-07-06-11-50,10.9.1.88,159-001-001,1,1,6.68,8.87,8.423,8.41,1.73
2023-07-06-11-51,10.9.1.88,159-001-001,1,1,6.75,8.87,8.423,8.48,1.73
2023-07-06-11-52,10.9.1.88,159-001-001,1,1,6.75,8.87,8.398,8.48,1.73
2023-07-06-11-53,10.9.1.88,159-001-001,1,1,6.75,8.93,8.398,8.48,1.73
2023-07-06-11-54,10.9.1.88,159-001-001,1,1,6.81,9,8.423,8.54,1.73
2023-07-06-11-55,10.9.1.88,159-001-001,1,1,6.75,9.06,8.423,8.48,1.73
2023-07-06-11-56,10.9.1.88,159-001-001,1,1,6.75,9.06,8.423,8.48,1.73
2023-07-06-11-57,10.9.1.88,159-001-001,1,1,6.75,9,8.423,8.48,1.73
2023-07-06-11-58,10.9.1.88,159-001-001,1,1,6.75,8.93,8.423,8.48,1.73
2023-07-06-11-59,10.9.1.88,159-001-001,1,1,6.87,8.87,8.398,8.6,1.73
2023-07-06-12-00,10.9.1.88,159-001-001,1,1,6.81,8.87,8.423,8.54,1.73
2023-07-06-12-01,10.9.1.88,159-001-001,1,1,6.81,8.87,8.398,8.54,1.73
2023-07-06-12-02,10.9.1.88,159-001-001,1,1,6.81,8.87,8.398,8.54,1.73
2023-07-06-12-03,10.9.1.88,159-001-001,1,1,6.81,8.93,8.398,8.54,1.73
2023-07-06-12-04,10.9.1.88,159-001-001,1,1,6.81,9,8.398,8.54,1.73
2023-07-06-12-05,10.9.1.88,159-001-001,1,1,6.87,9,8.423,8.6,1.73
2023-07-06-12-06,10.9.1.88,159-001-001,1,1,6.75,9,8.373,8.48,1.73
2023-07-06-12-07,10.9.1.88,159-001-001,1,1,6.62,8.87,8.298,8.35,1.73
2023-07-06-12-08,10.9.1.88,159-001-001,1,1,6.31,8.87,8.198,8.04,1.73
2023-07-06-12-09,10.9.1.88,159-001-001,1,1,6.31,8.87,8.198,8.04,1.73
2023-07-06-12-10,10.9.1.88,159-001-001,1,1,6.31,8.87,8.223,8.04,1.73
2023-07-06-12-11,10.9.1.88,159-001-001,1,1,6.5,8.87,8.248,8.23,1.73
2023-07-06-12-12,10.9.1.88,159-001-001,1,1,6.68,8.87,8.273,8.41,1.73
2023-07-06-12-13,10.9.1.88,159-001-001,1,1,6.68,8.87,8.273,8.41,1.73
2023-07-06-12-14,10.9.1.88,159-001-001,1,1,6.62,8.87,8.273,8.35,1.73
2023-07-06-12-15,10.9.1.88,159-001-001,1,1,6.68,8.87,8.248,8.41,1.73
2023-07-06-12-16,10.9.1.88,159-001-001,1,1,6.56,8.87,8.248,8.29,1.73
2023-07-06-12-17,10.9.1.88,159-001-001,1,1,6.5,8.87,8.223,8.23,1.73
2023-07-06-12-18,10.9.1.88,159-001-001,1,1,6.5,8.87,8.223,8.23,1.73
2023-07-06-12-19,10.9.1.88,159-001-001,1,1,6.5,8.87,8.198,8.23,1.73
2023-07-06-12-20,10.9.1.88,159-001-001,1,1,6.43,8.87,8.198,8.16,1.73
2023-07-06-12-21,10.9.1.88,159-001-001,1,1,6.43,8.87,8.198,8.16,1.73
2023-07-06-12-22,10.9.1.88,159-001-001,1,1,6.43,8.87,8.198,8.16,1.73
2023-07-06-12-23,10.9.1.88,159-001-001,1,1,6.43,8.87,8.198,8.16,1.73
2023-07-06-12-24,10.9.1.88,159-001-001,1,1,6.5,8.87,8.198,8.23,1.73
2023-07-06-12-25,10.9.1.88,159-001-001,1,1,6.43,8.87,8.198,8.16,1.73
2023-07-06-12-26,10.9.1.88,159-001-001,1,1,6.56,8.87,8.223,8.29,1.73
2023-07-06-12-27,10.9.1.88,159-001-001,1,1,6.68,8.87,8.248,8.41,1.73
2023-07-06-12-28,10.9.1.88,159-001-001,1,1,6.68,8.87,8.273,8.41,1.73
2023-07-06-12-29,10.9.1.88,159-001-001,1,1,6.68,8.87,8.298,8.41,1.73
2023-07-06-12-30,10.9.1.88,159-001-001,1,1,6.68,8.87,8.298,8.41,1.73
2023-07-06-12-31,10.9.1.88,159-001-001,1,1,6.68,8.87,8.323,8.41,1.73
2023-07-06-12-32,10.9.1.88,159-001-001,1,1,6.68,8.87,8.298,8.41,1.73
2023-07-06-12-33,10.9.1.88,159-001-001,1,1,6.68,8.87,8.298,8.41,1.73
2023-07-06-12-34,10.9.1.88,159-001-001,1,1,6.75,8.87,8.298,8.48,1.73
2023-07-06-12-35,10.9.1.88,159-001-001,1,1,6.68,8.87,8.298,8.41,1.73
2023-07-06-12-36,10.9.1.88,159-001-001,1,1,6.68,8.87,8.298,8.41,1.73
2023-07-06-12-37,10.9.1.88,159-001-001,1,1,6.68,8.87,8.298,8.41,1.73
2023-07-06-12-38,10.9.1.88,159-001-001,1,1,6.75,8.87,8.298,8.48,1.73
2023-07-06-12-39,10.9.1.88,159-001-001,1,1,6.68,8.87,8.273,8.41,1.73
2023-07-06-12-40,10.9.1.88,159-001-001,1,1,6.68,8.87,8.273,8.41,1.73
2023-07-06-12-41,10.9.1.88,159-001-001,1,1,6.68,8.87,8.248,8.41,1.73
2023-07-06-12-42,10.9.1.88,159-001-001,1,1,6.68,8.87,8.273,8.41,1.73
2023-07-06-12-43,10.9.1.88,159-001-001,1,1,6.62,8.87,8.273,8.35,1.73
2023-07-06-12-44,10.9.1.88,159-001-001,1,1,6.62,8.87,8.248,8.35,1.73
2023-07-06-12-45,10.9.1.88,159-001-001,1,1,6.68,8.87,8.248,8.41,1.73
2023-07-06-12-46,10.9.1.88,159-001-001,1,1,6.62,8.87,8.248,8.35,1.73
2023-07-06-12-47,10.9.1.88,159-001-001,1,1,6.62,8.87,8.248,8.35,1.73
2023-07-06-12-48,10.9.1.88,159-001-001,1,1,6.62,8.87,8.248,8.35,1.73
2023-07-06-12-49,10.9.1.88,159-001-001,1,1,6.62,8.87,8.248,8.35,1.73
2023-07-06-12-50,10.9.1.88,159-001-001,1,1,6.62,8.87,8.248,8.35,1.73
2023-07-06-12-51,10.9.1.88,159-001-001,1,1,6.68,8.87,8.248,8.41,1.73
2023-07-06-12-52,10.9.1.88,159-001-001,1,1,6.62,8.87,8.248,8.35,1.73
2023-07-06-12-53,10.9.1.88,159-001-001,1,1,6.62,8.87,8.248,8.35,1.73
2023-07-06-12-54,10.9.1.88,159-001-001,1,1,6.56,8.87,8.223,8.29,1.73
2023-07-06-12-55,10.9.1.88,159-001-001,1,1,6.62,8.87,8.248,8.35,1.73
2023-07-06-12-56,10.9.1.88,159-001-001,1,1,6.62,8.87,8.223,8.35,1.73
2023-07-06-12-57,10.9.1.88,159-001-001,1,1,6.62,8.87,8.223,8.35,1.73
2023-07-06-12-58,10.9.1.88,159-001-001,1,1,6.62,8.87,8.223,8.35,1.73
2023-07-06-12-59,10.9.1.88,159-001-001,1,1,6.62,8.87,8.223,8.35,1.73
2023-07-06-13-00,10.9.1.89,159-001-002,1,2,5.93,9.18,8.398,7.689875,1.759875
2023-07-06-13-01,10.9.1.89,159-001-002,1,2,6.5,9.43,8.348,8.259875,1.759875
2023-07-06-13-02,10.9.1.89,159-001-002,1,2,6.43,9.5,8.223,8.189875,1.759875
2023-07-06-13-03,10.9.1.89,159-001-002,1,2,6.18,9.43,7.999,7.939875,1.759875
2023-07-06-13-04,10.9.1.89,159-001-002,1,2,6,9.18,7.849,7.759875,1.759875
2023-07-06-13-05,10.9.1.89,159-001-002,1,2,5.87,9.18,7.724,7.629875,1.759875
2023-07-06-13-06,10.9.1.89,159-001-002,1,2,5.75,9.18,7.648,7.509875,1.759875
2023-07-06-13-07,10.9.1.89,159-001-002,1,2,5.75,9.18,7.598,7.509875,1.759875
2023-07-06-13-08,10.9.1.89,159-001-002,1,2,5.68,9.18,7.573,7.439875,1.759875
2023-07-06-13-09,10.9.1.89,159-001-002,1,2,5.62,9.18,7.548,7.379875,1.759875
2023-07-06-13-10,10.9.1.89,159-001-002,1,2,5.68,9.18,7.523,7.439875,1.759875
2023-07-06-13-11,10.9.1.89,159-001-002,1,2,5.68,9.18,7.548,7.439875,1.759875
2023-07-06-13-12,10.9.1.89,159-001-002,1,2,5.75,9.18,7.548,7.509875,1.759875
2023-07-06-13-13,10.9.1.89,159-001-002,1,2,5.75,9.18,7.548,7.509875,1.759875
2023-07-06-13-14,10.9.1.89,159-001-002,1,2,5.81,9.18,7.548,7.569875,1.759875
2023-07-06-13-15,10.9.1.89,159-001-002,1,2,5.81,9.18,7.548,7.569875,1.759875
2023-07-06-13-16,10.9.1.89,159-001-002,1,2,5.81,9.18,7.548,7.569875,1.759875
2023-07-06-13-17,10.9.1.89,159-001-002,1,2,5.87,9.18,7.548,7.629875,1.759875
2023-07-06-13-18,10.9.1.89,159-001-002,1,2,5.87,9.18,7.573,7.629875,1.759875
2023-07-06-13-19,10.9.1.89,159-001-002,1,2,5.81,9.18,7.573,7.569875,1.759875
2023-07-06-13-20,10.9.1.89,159-001-002,1,2,5.93,9.18,7.573,7.689875,1.759875
2023-07-06-13-21,10.9.1.89,159-001-002,1,2,5.87,9.18,7.573,7.629875,1.759875
2023-07-06-13-22,10.9.1.89,159-001-002,1,2,5.87,9.18,7.598,7.629875,1.759875
2023-07-06-13-23,10.9.1.89,159-001-002,1,2,5.87,9.18,7.573,7.629875,1.759875
2023-07-06-13-24,10.9.1.89,159-001-002,1,2,5.93,9.18,7.573,7.689875,1.759875
2023-07-06-13-25,10.9.1.89,159-001-002,1,2,5.81,9.18,7.573,7.569875,1.759875
2023-07-06-13-26,10.9.1.89,159-001-002,1,2,5.93,9.18,7.598,7.689875,1.759875
2023-07-06-13-27,10.9.1.89,159-001-002,1,2,5.93,9.18,7.573,7.689875,1.759875
2023-07-06-13-28,10.9.1.89,159-001-002,1,2,5.93,9.18,7.598,7.689875,1.759875
2023-07-06-13-29,10.9.1.89,159-001-002,1,2,5.93,9.18,7.598,7.689875,1.759875
2023-07-06-13-30,10.9.1.89,159-001-002,1,2,5.93,9.18,7.598,7.689875,1.759875
2023-07-06-13-31,10.9.1.89,159-001-002,1,2,5.93,9.18,7.623,7.689875,1.759875
2023-07-06-13-32,10.9.1.89,159-001-002,1,2,5.93,9.18,7.598,7.689875,1.759875
2023-07-06-13-33,10.9.1.89,159-001-002,1,2,5.93,9.18,7.623,7.689875,1.759875
2023-07-06-13-34,10.9.1.89,159-001-002,1,2,5.93,9.18,7.623,7.689875,1.759875
2023-07-06-13-35,10.9.1.89,159-001-002,1,2,6,9.18,7.623,7.759875,1.759875
2023-07-06-13-36,10.9.1.89,159-001-002,1,2,5.87,9.18,7.623,7.629875,1.759875
2023-07-06-13-37,10.9.1.89,159-001-002,1,2,5.93,9.18,7.598,7.689875,1.759875
2023-07-06-13-38,10.9.1.89,159-001-002,1,2,5.81,9.18,7.573,7.569875,1.759875
2023-07-06-13-39,10.9.1.89,159-001-002,1,2,5.75,9.18,7.548,7.509875,1.759875
2023-07-06-13-40,10.9.1.89,159-001-002,1,2,5.68,9.12,7.498,7.439875,1.759875
2023-07-06-13-41,10.9.1.89,159-001-002,1,2,5.56,9.12,7.473,7.319875,1.759875
2023-07-06-13-42,10.9.1.89,159-001-002,1,2,5.5,9.06,7.473,7.259875,1.759875
2023-07-06-13-43,10.9.1.89,159-001-002,1,2,5.56,9.06,7.473,7.319875,1.759875
2023-07-06-13-44,10.9.1.89,159-001-002,1,2,5.62,9.06,7.473,7.379875,1.759875
2023-07-06-13-45,10.9.1.89,159-001-002,1,2,5.75,9.06,7.498,7.509875,1.759875
2023-07-06-13-46,10.9.1.89,159-001-002,1,2,5.68,9.06,7.498,7.439875,1.759875
2023-07-06-13-47,10.9.1.89,159-001-002,1,2,5.75,9.06,7.498,7.509875,1.759875
2023-07-06-13-48,10.9.1.89,159-001-002,1,2,5.75,9.12,7.523,7.509875,1.759875
2023-07-06-13-49,10.9.1.89,159-001-002,1,2,5.75,9.12,7.899,7.509875,1.759875
2023-07-06-13-50,10.9.1.89,159-001-002,1,2,5.93,9.18,8.248,7.689875,1.759875
2023-07-06-13-51,10.9.1.90,159-001-003,1,3,7.31,10.56,8.423,8.809125,1.499125
2023-07-06-13-52,10.9.1.90,159-001-003,1,3,7.31,10.56,8.472,8.809125,1.499125
2023-07-06-13-53,10.9.1.90,159-001-003,1,3,7.37,10.56,8.472,8.869125,1.499125
2023-07-06-13-54,10.9.1.90,159-001-003,1,3,7,10.56,8.497,8.499125,1.499125
2023-07-06-13-55,10.9.1.90,159-001-003,1,3,7,10.56,8.472,8.499125,1.499125
2023-07-06-13-56,10.9.1.90,159-001-003,1,3,7,10.56,8.472,8.499125,1.499125
2023-07-06-13-57,10.9.1.90,159-001-003,1,3,7,10.56,8.472,8.499125,1.499125
2023-07-06-13-58,10.9.1.90,159-001-003,1,3,7,10.56,8.497,8.499125,1.499125
2023-07-06-13-59,10.9.1.90,159-001-003,1,3,7,10.56,8.522,8.499125,1.499125
2023-07-06-14-00,10.9.1.90,159-001-003,1,3,7,10.56,8.547,8.499125,1.499125
2023-07-06-14-01,10.9.1.90,159-001-003,1,3,7,10.56,8.572,8.499125,1.499125
2023-07-06-14-02,10.9.1.90,159-001-003,1,3,7.06,10.56,8.597,8.559125,1.499125
2023-07-06-14-03,10.9.1.90,159-001-003,1,3,7.06,10.56,8.597,8.559125,1.499125
2023-07-06-14-04,10.9.1.90,159-001-003,1,3,7.12,10.56,8.622,8.619125,1.499125
2023-07-06-14-05,10.9.1.90,159-001-003,1,3,7.12,10.56,8.646,8.619125,1.499125
2023-07-06-14-06,10.9.1.90,159-001-003,1,3,7.25,10.56,8.646,8.749125,1.499125
2023-07-06-14-07,10.9.1.90,159-001-003,1,3,7.18,10.56,8.671,8.679125,1.499125
2023-07-06-14-08,10.9.1.90,159-001-003,1,3,7.18,10.56,8.671,8.679125,1.499125
2023-07-06-14-09,10.9.1.90,159-001-003,1,3,7.25,10.56,8.671,8.749125,1.499125
2023-07-06-14-10,10.9.1.90,159-001-003,1,3,7.12,10.56,8.671,8.619125,1.499125
2023-07-06-14-11,10.9.1.90,159-001-003,1,3,7.12,10.56,8.696,8.619125,1.499125
2023-07-06-14-12,10.9.1.90,159-001-003,1,3,7.12,10.56,8.696,8.619125,1.499125
2023-07-06-14-13,10.9.1.90,159-001-003,1,3,7.12,10.56,8.696,8.619125,1.499125
2023-07-06-14-14,10.9.1.90,159-001-003,1,3,7.18,10.56,8.721,8.679125,1.499125
2023-07-06-14-15,10.9.1.90,159-001-003,1,3,7.25,10.56,8.696,8.749125,1.499125
2023-07-06-14-16,10.9.1.90,159-001-003,1,3,7.25,10.56,8.696,8.749125,1.499125
2023-07-06-14-17,10.9.1.90,159-001-003,1,3,7.12,10.56,8.696,8.619125,1.499125
2023-07-06-14-18,10.9.1.90,159-001-003,1,3,7.18,10.56,8.696,8.679125,1.499125
2023-07-06-14-19,10.9.1.90,159-001-003,1,3,7.18,10.56,8.696,8.679125,1.499125
2023-07-06-14-20,10.9.1.90,159-001-003,1,3,7.25,10.56,8.696,8.749125,1.499125
2023-07-06-14-21,10.9.1.90,159-001-003,1,3,7.12,10.56,8.696,8.619125,1.499125
2023-07-06-14-22,10.9.1.90,159-001-003,1,3,7.18,10.56,8.721,8.679125,1.499125
2023-07-06-14-23,10.9.1.90,159-001-003,1,3,7.31,10.56,8.696,8.809125,1.499125
2023-07-06-14-24,10.9.1.90,159-001-003,1,3,7.25,10.56,8.721,8.749125,1.499125
2023-07-06-14-25,10.9.1.90,159-001-003,1,3,7.31,10.56,8.721,8.809125,1.499125
2023-07-06-14-26,10.9.1.90,159-001-003,1,3,7.18,10.56,8.721,8.679125,1.499125
2023-07-06-14-27,10.9.1.90,159-001-003,1,3,7.18,10.56,8.721,8.679125,1.499125
2023-07-06-14-28,10.9.1.90,159-001-003,1,3,7.18,10.56,8.696,8.679125,1.499125
2023-07-06-14-29,10.9.1.90,159-001-003,1,3,7.18,10.56,8.721,8.679125,1.499125
2023-07-06-14-30,10.9.1.90,159-001-003,1,3,7.25,10.56,8.721,8.749125,1.499125
2023-07-06-14-31,10.9.1.90,159-001-003,1,3,7.25,10.56,8.746,8.749125,1.499125
2023-07-06-14-32,10.9.1.90,159-001-003,1,3,7.25,10.56,8.721,8.749125,1.499125
2023-07-06-14-33,10.9.1.90,159-001-003,1,3,7.18,10.56,8.721,8.679125,1.499125
2023-07-06-14-34,10.9.1.90,159-001-003,1,3,7.18,10.56,8.721,8.679125,1.499125
2023-07-06-14-35,10.9.1.90,159-001-003,1,3,7.25,10.56,8.746,8.749125,1.499125
2023-07-06-14-36,10.9.1.90,159-001-003,1,3,7.31,10.56,8.746,8.809125,1.499125
2023-07-06-14-37,10.9.1.90,159-001-003,1,3,7.25,10.56,8.746,8.749125,1.499125
2023-07-06-14-38,10.9.1.90,159-001-003,1,3,7.25,10.56,8.746,8.749125,1.499125
2023-07-06-14-39,10.9.1.90,159-001-003,1,3,7.18,10.56,8.721,8.679125,1.499125
2023-07-06-14-40,10.9.1.90,159-001-003,1,3,7.25,10.56,8.721,8.749125,1.499125
2023-07-06-14-41,10.9.1.90,159-001-003,1,3,7.31,10.56,8.721,8.809125,1.499125
2023-07-06-14-42,10.9.1.90,159-001-003,1,3,7.12,10.56,8.721,8.619125,1.499125
2023-07-06-14-43,10.9.1.90,159-001-003,1,3,7.12,10.56,8.721,8.619125,1.499125
2023-07-06-14-44,10.9.1.90,159-001-003,1,3,7.06,10.56,8.696,8.559125,1.499125
2023-07-06-14-45,10.9.1.90,159-001-003,1,3,7.18,10.56,8.696,8.679125,1.499125
2023-07-06-14-46,10.9.1.90,159-001-003,1,3,7.31,10.56,8.721,8.809125,1.499125
2023-07-06-14-47,10.9.1.90,159-001-003,1,3,7.31,10.56,8.721,8.809125,1.499125
2023-07-06-14-48,10.9.1.90,159-001-003,1,3,7.31,10.56,8.721,8.809125,1.499125
2023-07-06-14-49,10.9.1.90,159-001-003,1,3,7.25,10.56,8.721,8.749125,1.499125
2023-07-06-14-50,10.9.1.90,159-001-003,1,3,7.25,10.56,8.721,8.749125,1.499125
2023-07-06-14-51,10.9.1.90,159-001-003,1,3,7.31,10.56,8.721,8.809125,1.499125
2023-07-06-14-52,10.9.1.90,159-001-003,1,3,7.18,10.56,8.746,8.679125,1.499125
2023-07-06-14-53,10.9.1.90,159-001-003,1,3,7.06,10.56,8.746,8.559125,1.499125
2023-07-06-14-54,10.9.1.90,159-001-003,1,3,7.18,10.56,8.721,8.679125,1.499125
2023-07-06-14-55,10.9.1.90,159-001-003,1,3,7.18,10.56,8.721,8.679125,1.499125
2023-07-06-14-56,10.9.1.91,159-001-004,1,4,6.68,9.18,8.721,8.5264375,1.8464375
2023-07-06-14-57,10.9.1.91,159-001-004,1,4,6.68,9.18,8.795,8.5264375,1.8464375
2023-07-06-14-58,10.9.1.91,159-001-004,1,4,6.68,9.25,8.895,8.5264375,1.8464375
2023-07-06-14-59,10.9.1.91,159-001-004,1,4,6.68,9.31,8.87,8.5264375,1.8464375
2023-07-06-15-00,10.9.1.91,159-001-004,1,4,6.68,9.31,8.845,8.5264375,1.8464375
2023-07-06-15-01,10.9.1.91,159-001-004,1,4,6.68,9.25,8.771,8.5264375,1.8464375
2023-07-06-15-02,10.9.1.91,159-001-004,1,4,6.68,9.18,8.696,8.5264375,1.8464375
2023-07-06-15-03,10.9.1.91,159-001-004,1,4,6.68,9.18,8.646,8.5264375,1.8464375
2023-07-06-15-04,10.9.1.91,159-001-004,1,4,6.62,9.12,8.597,8.4664375,1.8464375
2023-07-06-15-05,10.9.1.91,159-001-004,1,4,6.62,9.12,8.572,8.4664375,1.8464375
2023-07-06-15-06,10.9.1.91,159-001-004,1,4,6.56,9.06,8.522,8.4064375,1.8464375
2023-07-06-15-07,10.9.1.91,159-001-004,1,4,6.5,9,8.472,8.3464375,1.8464375
2023-07-06-15-08,10.9.1.91,159-001-004,1,4,6.43,9,8.448,8.2764375,1.8464375
2023-07-06-15-09,10.9.1.91,159-001-004,1,4,6.43,9,8.448,8.2764375,1.8464375
2023-07-06-15-10,10.9.1.91,159-001-004,1,4,6.43,8.93,8.398,8.2764375,1.8464375
2023-07-06-15-11,10.9.1.91,159-001-004,1,4,6.43,8.87,8.448,8.2764375,1.8464375
2023-07-06-15-12,10.9.1.91,159-001-004,1,4,6.43,8.81,8.398,8.2764375,1.8464375
2023-07-06-15-13,10.9.1.91,159-001-004,1,4,6.43,8.68,8.398,8.2764375,1.8464375
2023-07-06-15-14,10.9.1.91,159-001-004,1,4,6.43,8.62,8.373,8.2764375,1.8464375
2023-07-06-15-15,10.9.1.91,159-001-004,1,4,6.5,8.75,8.373,8.3464375,1.8464375
2023-07-06-15-16,10.9.1.91,159-001-004,1,4,6.37,8.68,8.348,8.2164375,1.8464375
2023-07-06-15-17,10.9.1.91,159-001-004,1,4,6.43,8.81,8.373,8.2764375,1.8464375
2023-07-06-15-18,10.9.1.91,159-001-004,1,4,6.43,8.87,8.348,8.2764375,1.8464375
2023-07-06-15-19,10.9.1.91,159-001-004,1,4,6.5,8.87,8.373,8.3464375,1.8464375
2023-07-06-15-20,10.9.1.91,159-001-004,1,4,6.5,8.87,8.373,8.3464375,1.8464375
2023-07-06-15-21,10.9.1.91,159-001-004,1,4,6.5,8.87,8.423,8.3464375,1.8464375
2023-07-06-15-22,10.9.1.91,159-001-004,1,4,6.5,8.81,8.423,8.3464375,1.8464375
2023-07-06-15-23,10.9.1.91,159-001-004,1,4,6.56,8.75,8.423,8.4064375,1.8464375
2023-07-06-15-24,10.9.1.91,159-001-004,1,4,6.5,8.68,8.423,8.3464375,1.8464375
2023-07-06-15-25,10.9.1.91,159-001-004,1,4,6.56,8.81,8.423,8.4064375,1.8464375
2023-07-06-15-26,10.9.1.91,159-001-004,1,4,6.62,8.81,8.423,8.4664375,1.8464375
2023-07-06-15-27,10.9.1.91,159-001-004,1,4,6.56,8.81,8.423,8.4064375,1.8464375
2023-07-06-15-28,10.9.1.91,159-001-004,1,4,6.5,8.75,8.423,8.3464375,1.8464375
2023-07-06-15-29,10.9.1.91,159-001-004,1,4,6.56,8.75,8.448,8.4064375,1.8464375
2023-07-06-15-30,10.9.1.91,159-001-004,1,4,6.62,8.68,8.472,8.4664375,1.8464375
2023-07-06-15-31,10.9.1.91,159-001-004,1,4,6.68,8.68,8.472,8.5264375,1.8464375
2023-07-06-15-32,10.9.1.91,159-001-004,1,4,6.68,8.68,8.497,8.5264375,1.8464375
2023-07-06-15-33,10.9.1.91,159-001-004,1,4,6.68,8.81,8.497,8.5264375,1.8464375
2023-07-06-15-34,10.9.1.91,159-001-004,1,4,6.68,8.87,8.522,8.5264375,1.8464375
2023-07-06-15-35,10.9.1.91,159-001-004,1,4,6.68,8.87,8.522,8.5264375,1.8464375
2023-07-06-15-36,10.9.1.91,159-001-004,1,4,6.68,8.81,8.522,8.5264375,1.8464375
2023-07-06-15-37,10.9.1.91,159-001-004,1,4,6.68,8.81,8.497,8.5264375,1.8464375
2023-07-06-15-38,10.9.1.91,159-001-004,1,4,6.68,8.75,8.497,8.5264375,1.8464375
2023-07-06-15-39,10.9.1.91,159-001-004,1,4,6.68,8.81,8.522,8.5264375,1.8464375
2023-07-06-15-40,10.9.1.91,159-001-004,1,4,6.68,8.75,8.522,8.5264375,1.8464375
2023-07-06-15-41,10.9.1.91,159-001-004,1,4,6.68,8.75,8.497,8.5264375,1.8464375
2023-07-06-15-42,10.9.1.91,159-001-004,1,4,6.68,8.81,8.497,8.5264375,1.8464375
2023-07-06-15-43,10.9.1.91,159-001-004,1,4,6.68,8.81,8.497,8.5264375,1.8464375
2023-07-06-15-44,10.9.1.91,159-001-004,1,4,6.68,8.87,8.522,8.5264375,1.8464375
2023-07-06-15-45,10.9.1.91,159-001-004,1,4,6.68,8.81,8.522,8.5264375,1.8464375
2023-07-06-15-46,10.9.1.91,159-001-004,1,4,6.62,8.75,8.497,8.4664375,1.8464375
2023-07-06-15-47,10.9.1.91,159-001-004,1,4,6.68,8.62,8.497,8.5264375,1.8464375
2023-07-06-15-48,10.9.1.91,159-001-004,1,4,6.62,8.62,8.472,8.4664375,1.8464375
2023-07-06-15-49,10.9.1.91,159-001-004,1,4,6.62,8.62,8.448,8.4664375,1.8464375
2023-07-06-15-50,10.9.1.91,159-001-004,1,4,6.62,8.62,8.472,8.4664375,1.8464375
2023-07-06-15-51,10.9.1.91,159-001-004,1,4,6.68,8.62,8.497,8.5264375,1.8464375
2023-07-05-16-03,10.9.1.92,159-002-001,2,1,6.87,8.31,8.124,7.874375,1.004375
2023-07-05-16-04,10.9.1.92,159-002-001,2,1,7.37,8.5,8.323,8.374375,1.004375
2023-07-05-16-05,10.9.1.92,159-002-001,2,1,7.31,8.62,8.298,8.314375,1.004375
2023-07-05-16-06,10.9.1.92,159-002-001,2,1,7.12,8.62,8.223,8.124375,1.004375
2023-07-05-16-07,10.9.1.92,159-002-001,2,1,6.87,8.56,8.124,7.874375,1.004375
2023-07-05-16-08,10.9.1.92,159-002-001,2,1,6.87,8.5,8.074,7.874375,1.004375
2023-07-05-16-09,10.9.1.92,159-002-001,2,1,6.87,8.43,8.024,7.874375,1.004375
2023-07-05-16-10,10.9.1.92,159-002-001,2,1,6.87,8.37,7.949,7.874375,1.004375
2023-07-05-16-11,10.9.1.92,159-002-001,2,1,6.87,8.31,7.924,7.874375,1.004375
2023-07-05-16-12,10.9.1.92,159-002-001,2,1,6.87,8.31,7.924,7.874375,1.004375
2023-07-05-16-13,10.9.1.92,159-002-001,2,1,6.87,8.25,7.924,7.874375,1.004375
2023-07-05-16-14,10.9.1.92,159-002-001,2,1,6.87,8.31,7.924,7.874375,1.004375
2023-07-05-16-15,10.9.1.92,159-002-001,2,1,6.87,8.31,7.949,7.874375,1.004375
2023-07-05-16-16,10.9.1.92,159-002-001,2,1,6.87,8.31,7.949,7.874375,1.004375
2023-07-05-16-17,10.9.1.92,159-002-001,2,1,6.87,8.31,7.974,7.874375,1.004375
2023-07-05-16-18,10.9.1.92,159-002-001,2,1,6.87,8.31,7.974,7.874375,1.004375
2023-07-05-16-19,10.9.1.92,159-002-001,2,1,6.87,8.31,7.974,7.874375,1.004375
2023-07-05-16-20,10.9.1.92,159-002-001,2,1,6.87,8.37,7.999,7.874375,1.004375
2023-07-05-16-21,10.9.1.92,159-002-001,2,1,6.87,8.37,7.999,7.874375,1.004375
2023-07-05-16-22,10.9.1.92,159-002-001,2,1,6.87,8.37,8.024,7.874375,1.004375
2023-07-05-16-23,10.9.1.92,159-002-001,2,1,6.87,8.37,8.024,7.874375,1.004375
2023-07-05-16-24,10.9.1.92,159-002-001,2,1,6.87,8.37,8.024,7.874375,1.004375
2023-07-05-16-25,10.9.1.92,159-002-001,2,1,6.87,8.37,8.024,7.874375,1.004375
2023-07-05-16-26,10.9.1.92,159-002-001,2,1,6.87,8.37,8.024,7.874375,1.004375
2023-07-05-16-27,10.9.1.92,159-002-001,2,1,6.87,8.37,8.024,7.874375,1.004375
2023-07-05-16-28,10.9.1.92,159-002-001,2,1,6.87,8.37,8.024,7.874375,1.004375
2023-07-05-16-29,10.9.1.92,159-002-001,2,1,6.87,8.37,8.049,7.874375,1.004375
2023-07-05-16-30,10.9.1.92,159-002-001,2,1,6.87,8.37,8.049,7.874375,1.004375
2023-07-05-16-31,10.9.1.92,159-002-001,2,1,6.87,8.37,8.049,7.874375,1.004375
2023-07-05-16-32,10.9.1.92,159-002-001,2,1,6.87,8.37,8.049,7.874375,1.004375
2023-07-05-16-33,10.9.1.92,159-002-001,2,1,6.87,8.37,8.049,7.874375,1.004375
2023-07-05-16-34,10.9.1.92,159-002-001,2,1,6.87,8.37,8.024,7.874375,1.004375
2023-07-05-16-35,10.9.1.92,159-002-001,2,1,6.87,8.37,8.024,7.874375,1.004375
2023-07-05-16-36,10.9.1.92,159-002-001,2,1,6.87,8.37,7.949,7.874375,1.004375
2023-07-05-16-37,10.9.1.92,159-002-001,2,1,6.87,8.31,7.899,7.874375,1.004375
2023-07-05-16-38,10.9.1.92,159-002-001,2,1,6.87,8.18,7.799,7.874375,1.004375
2023-07-05-16-39,10.9.1.92,159-002-001,2,1,6.62,8.12,7.724,7.624375,1.004375
2023-07-05-16-40,10.9.1.92,159-002-001,2,1,6.5,8,7.648,7.504375,1.004375
2023-07-05-16-41,10.9.1.92,159-002-001,2,1,6.5,8,7.623,7.504375,1.004375
2023-07-05-16-42,10.9.1.92,159-002-001,2,1,6.62,8,7.673,7.624375,1.004375
2023-07-05-16-43,10.9.1.92,159-002-001,2,1,6.75,8,7.673,7.754375,1.004375
2023-07-05-16-44,10.9.1.92,159-002-001,2,1,6.87,8,7.699,7.874375,1.004375
2023-07-05-16-45,10.9.1.92,159-002-001,2,1,6.87,8,7.724,7.874375,1.004375
2023-07-05-16-46,10.9.1.92,159-002-001,2,1,6.87,8,7.724,7.874375,1.004375
2023-07-05-16-47,10.9.1.92,159-002-001,2,1,6.87,8,7.699,7.874375,1.004375
2023-07-05-16-48,10.9.1.92,159-002-001,2,1,6.87,8,7.699,7.874375,1.004375
2023-07-05-16-49,10.9.1.92,159-002-001,2,1,6.81,8,7.699,7.814375,1.004375
2023-07-05-16-50,10.9.1.92,159-002-001,2,1,6.87,8.06,7.699,7.874375,1.004375
2023-07-05-16-51,10.9.1.92,159-002-001,2,1,6.87,8,7.699,7.874375,1.004375
2023-07-05-16-52,10.9.1.92,159-002-001,2,1,6.87,8,7.699,7.874375,1.004375
2023-07-05-16-53,10.9.1.92,159-002-001,2,1,6.87,8,7.724,7.874375,1.004375
2023-07-05-16-54,10.9.1.92,159-002-001,2,1,6.87,8,7.724,7.874375,1.004375
2023-07-05-16-55,10.9.1.92,159-002-001,2,1,6.87,8.06,7.724,7.874375,1.004375
2023-07-05-16-56,10.9.1.92,159-002-001,2,1,6.87,8.06,7.749,7.874375,1.004375
2023-07-05-16-57,10.9.1.92,159-002-001,2,1,6.87,8.06,7.774,7.874375,1.004375
2023-07-05-16-58,10.9.1.92,159-002-001,2,1,6.87,8.12,7.824,7.874375,1.004375
2023-07-05-16-59,10.9.1.92,159-002-001,2,1,6.87,8.12,7.824,7.874375,1.004375
2023-07-05-17-00,10.9.1.92,159-002-001,2,1,6.87,8.18,7.824,7.874375,1.004375
2023-07-05-17-01,10.9.1.92,159-002-001,2,1,6.87,8.18,7.824,7.874375,1.004375
2023-07-05-17-02,10.9.1.92,159-002-001,2,1,6.87,8.18,7.824,7.874375,1.004375
2023-07-05-17-03,10.9.1.92,159-002-001,2,1,6.87,8.18,7.824,7.874375,1.004375
2023-07-06-07-09,10.9.1.93,159-002-002,2,2,5.31,9.18,7.397,8.2934375,2.9834375
2023-07-06-07-10,10.9.1.93,159-002-002,2,2,5.56,9.43,7.749,8.5434375,2.9834375
2023-07-06-07-11,10.9.1.93,159-002-002,2,2,5.56,9.56,7.899,8.5434375,2.9834375
2023-07-06-07-12,10.9.1.93,159-002-002,2,2,5.43,9.68,7.974,8.4134375,2.9834375
2023-07-06-07-13,10.9.1.93,159-002-002,2,2,5.31,9.75,7.999,8.2934375,2.9834375
2023-07-06-07-14,10.9.1.93,159-002-002,2,2,5.12,9.81,8.024,8.1034375,2.9834375
2023-07-06-07-15,10.9.1.93,159-002-002,2,2,5.12,9.81,8.049,8.1034375,2.9834375
2023-07-06-07-16,10.9.1.93,159-002-002,2,2,5.12,9.81,8.049,8.1034375,2.9834375
2023-07-06-07-17,10.9.1.93,159-002-002,2,2,5.06,9.87,8.099,8.0434375,2.9834375
2023-07-06-07-18,10.9.1.93,159-002-002,2,2,5.12,9.87,8.099,8.1034375,2.9834375
2023-07-06-07-19,10.9.1.93,159-002-002,2,2,5.12,9.87,8.124,8.1034375,2.9834375
2023-07-06-07-20,10.9.1.93,159-002-002,2,2,5.18,9.93,8.149,8.1634375,2.9834375
2023-07-06-07-21,10.9.1.93,159-002-002,2,2,5.31,9.93,8.174,8.2934375,2.9834375
2023-07-06-07-22,10.9.1.93,159-002-002,2,2,5.25,10,8.174,8.2334375,2.9834375
2023-07-06-07-23,10.9.1.93,159-002-002,2,2,5.31,10.06,8.198,8.2934375,2.9834375
2023-07-06-07-24,10.9.1.93,159-002-002,2,2,5.25,10.06,8.198,8.2334375,2.9834375
2023-07-06-07-25,10.9.1.93,159-002-002,2,2,5.31,10.06,8.223,8.2934375,2.9834375
2023-07-06-07-26,10.9.1.93,159-002-002,2,2,5.37,10.12,8.223,8.3534375,2.9834375
2023-07-06-07-27,10.9.1.93,159-002-002,2,2,5.31,10.12,8.248,8.2934375,2.9834375
2023-07-06-07-28,10.9.1.93,159-002-002,2,2,5.31,10.18,8.273,8.2934375,2.9834375
2023-07-06-07-29,10.9.1.93,159-002-002,2,2,5.31,10.18,8.273,8.2934375,2.9834375
2023-07-06-07-30,10.9.1.93,159-002-002,2,2,5.37,10.18,8.298,8.3534375,2.9834375
2023-07-06-07-31,10.9.1.93,159-002-002,2,2,5.37,10.18,8.323,8.3534375,2.9834375
2023-07-06-07-32,10.9.1.93,159-002-002,2,2,5.37,10.18,8.323,8.3534375,2.9834375
2023-07-06-07-33,10.9.1.93,159-002-002,2,2,5.37,10.18,8.323,8.3534375,2.9834375
2023-07-06-07-34,10.9.1.93,159-002-002,2,2,5.37,10.18,8.348,8.3534375,2.9834375
2023-07-06-07-35,10.9.1.93,159-002-002,2,2,5.37,10.18,8.348,8.3534375,2.9834375
2023-07-06-07-36,10.9.1.93,159-002-002,2,2,5.37,10.18,8.373,8.3534375,2.9834375
2023-07-06-07-37,10.9.1.93,159-002-002,2,2,5.37,10.18,8.373,8.3534375,2.9834375
2023-07-06-07-38,10.9.1.93,159-002-002,2,2,5.37,10.18,8.373,8.3534375,2.9834375
2023-07-06-07-39,10.9.1.93,159-002-002,2,2,5.37,10.18,8.398,8.3534375,2.9834375
2023-07-06-07-40,10.9.1.93,159-002-002,2,2,5.37,10.18,8.398,8.3534375,2.9834375
2023-07-06-07-41,10.9.1.93,159-002-002,2,2,5.37,10.18,8.398,8.3534375,2.9834375
2023-07-06-07-42,10.9.1.93,159-002-002,2,2,5.37,10.18,8.398,8.3534375,2.9834375
2023-07-06-07-43,10.9.1.93,159-002-002,2,2,5.37,10.18,8.398,8.3534375,2.9834375
2023-07-06-07-44,10.9.1.93,159-002-002,2,2,5.43,10.18,8.423,8.4134375,2.9834375
2023-07-06-07-45,10.9.1.93,159-002-002,2,2,5.43,10.18,8.423,8.4134375,2.9834375
2023-07-06-07-46,10.9.1.93,159-002-002,2,2,5.43,10.18,8.448,8.4134375,2.9834375
2023-07-06-07-47,10.9.1.93,159-002-002,2,2,5.5,10.18,8.472,8.4834375,2.9834375
2023-07-06-07-48,10.9.1.93,159-002-002,2,2,5.56,10.18,8.497,8.5434375,2.9834375
2023-07-06-07-49,10.9.1.93,159-002-002,2,2,5.56,10.18,8.522,8.5434375,2.9834375
2023-07-06-07-50,10.9.1.93,159-002-002,2,2,5.56,10.18,8.522,8.5434375,2.9834375
2023-07-06-07-51,10.9.1.93,159-002-002,2,2,5.56,10.18,8.522,8.5434375,2.9834375
2023-07-06-07-52,10.9.1.93,159-002-002,2,2,5.62,10.18,8.572,8.6034375,2.9834375
2023-07-06-07-53,10.9.1.93,159-002-002,2,2,5.68,10.18,8.572,8.6634375,2.9834375
2023-07-06-07-54,10.9.1.93,159-002-002,2,2,5.62,10.18,8.572,8.6034375,2.9834375
2023-07-06-07-55,10.9.1.93,159-002-002,2,2,5.68,10.18,8.597,8.6634375,2.9834375
2023-07-06-07-56,10.9.1.93,159-002-002,2,2,5.68,10.18,8.597,8.6634375,2.9834375
2023-07-06-07-57,10.9.1.93,159-002-002,2,2,5.68,10.18,8.646,8.6634375,2.9834375
2023-07-06-07-58,10.9.1.93,159-002-002,2,2,5.68,10.18,8.622,8.6634375,2.9834375
2023-07-06-07-59,10.9.1.93,159-002-002,2,2,5.62,10.18,8.622,8.6034375,2.9834375
2023-07-06-08-00,10.9.1.93,159-002-002,2,2,5.62,10.18,8.622,8.6034375,2.9834375
2023-07-06-08-01,10.9.1.93,159-002-002,2,2,5.56,10.18,8.597,8.5434375,2.9834375
2023-07-06-08-02,10.9.1.93,159-002-002,2,2,5.56,10.18,8.572,8.5434375,2.9834375
2023-07-06-08-03,10.9.1.93,159-002-002,2,2,5.56,10.18,8.547,8.5434375,2.9834375
2023-07-06-08-04,10.9.1.93,159-002-002,2,2,5.5,10.18,8.572,8.4834375,2.9834375
2023-07-06-08-05,10.9.1.93,159-002-002,2,2,5.5,10.18,8.547,8.4834375,2.9834375
2023-07-06-08-06,10.9.1.93,159-002-002,2,2,5.5,10.18,8.547,8.4834375,2.9834375
2023-07-06-08-07,10.9.1.93,159-002-002,2,2,5.5,10.18,8.795,8.4834375,2.9834375
2023-07-06-08-08,10.9.1.93,159-002-002,2,2,5.81,10.18,8.919,8.7934375,2.9834375
2023-07-06-08-09,10.9.1.94,159-002-003,2,3,6.75,9.12,8.746,8.4729375,1.7229375
2023-07-06-08-10,10.9.1.94,159-002-003,2,3,6.56,9.12,8.547,8.2829375,1.7229375
2023-07-06-08-11,10.9.1.94,159-002-003,2,3,6.18,9.06,8.323,7.9029375,1.7229375
2023-07-06-08-12,10.9.1.94,159-002-003,2,3,6,8.93,8.174,7.7229375,1.7229375
2023-07-06-08-13,10.9.1.94,159-002-003,2,3,5.81,8.81,8.049,7.5329375,1.7229375
2023-07-06-08-14,10.9.1.94,159-002-003,2,3,5.93,8.68,7.974,7.6529375,1.7229375
2023-07-06-08-15,10.9.1.94,159-002-003,2,3,6,8.68,7.949,7.7229375,1.7229375
2023-07-06-08-16,10.9.1.94,159-002-003,2,3,6.06,8.68,7.924,7.7829375,1.7229375
2023-07-06-08-17,10.9.1.94,159-002-003,2,3,6.06,8.62,7.924,7.7829375,1.7229375
2023-07-06-08-18,10.9.1.94,159-002-003,2,3,6.06,8.68,7.924,7.7829375,1.7229375
2023-07-06-08-19,10.9.1.94,159-002-003,2,3,6.06,8.68,7.924,7.7829375,1.7229375
2023-07-06-08-20,10.9.1.94,159-002-003,2,3,6.06,8.62,7.924,7.7829375,1.7229375
2023-07-06-08-21,10.9.1.94,159-002-003,2,3,6.18,8.62,7.924,7.9029375,1.7229375
2023-07-06-08-22,10.9.1.94,159-002-003,2,3,6.18,8.68,7.924,7.9029375,1.7229375
2023-07-06-08-23,10.9.1.94,159-002-003,2,3,6.18,8.68,7.924,7.9029375,1.7229375
2023-07-06-08-24,10.9.1.94,159-002-003,2,3,6.12,8.68,7.924,7.8429375,1.7229375
2023-07-06-08-25,10.9.1.94,159-002-003,2,3,6.12,8.68,7.899,7.8429375,1.7229375
2023-07-06-08-26,10.9.1.94,159-002-003,2,3,6.06,8.62,7.874,7.7829375,1.7229375
2023-07-06-08-27,10.9.1.94,159-002-003,2,3,6.06,8.62,7.874,7.7829375,1.7229375
2023-07-06-08-28,10.9.1.94,159-002-003,2,3,6.06,8.62,7.874,7.7829375,1.7229375
2023-07-06-08-29,10.9.1.94,159-002-003,2,3,6.06,8.62,7.899,7.7829375,1.7229375
2023-07-06-08-30,10.9.1.94,159-002-003,2,3,6.18,8.62,7.899,7.9029375,1.7229375
2023-07-06-08-31,10.9.1.94,159-002-003,2,3,6.25,8.68,7.949,7.9729375,1.7229375
2023-07-06-08-32,10.9.1.94,159-002-003,2,3,6.31,8.68,7.974,8.0329375,1.7229375
2023-07-06-08-33,10.9.1.94,159-002-003,2,3,6.31,8.75,8.049,8.0329375,1.7229375
2023-07-06-08-34,10.9.1.94,159-002-003,2,3,6.37,8.81,8.074,8.0929375,1.7229375
2023-07-06-08-35,10.9.1.94,159-002-003,2,3,6.37,8.87,8.099,8.0929375,1.7229375
2023-07-06-08-36,10.9.1.94,159-002-003,2,3,6.43,8.87,8.099,8.1529375,1.7229375
2023-07-06-08-37,10.9.1.94,159-002-003,2,3,6.5,8.87,8.124,8.2229375,1.7229375
2023-07-06-08-38,10.9.1.94,159-002-003,2,3,6.43,8.87,8.124,8.1529375,1.7229375
2023-07-06-08-39,10.9.1.94,159-002-003,2,3,6.5,8.87,8.149,8.2229375,1.7229375
2023-07-06-08-40,10.9.1.94,159-002-003,2,3,6.43,8.93,8.174,8.1529375,1.7229375
2023-07-06-08-41,10.9.1.94,159-002-003,2,3,6.43,8.93,8.174,8.1529375,1.7229375
2023-07-06-08-42,10.9.1.94,159-002-003,2,3,6.43,8.93,8.174,8.1529375,1.7229375
2023-07-06-08-43,10.9.1.94,159-002-003,2,3,6.43,8.93,8.174,8.1529375,1.7229375
2023-07-06-08-44,10.9.1.94,159-002-003,2,3,6.5,8.93,8.198,8.2229375,1.7229375
2023-07-06-08-45,10.9.1.94,159-002-003,2,3,6.43,8.93,8.198,8.1529375,1.7229375
2023-07-06-08-46,10.9.1.94,159-002-003,2,3,6.5,8.93,8.174,8.2229375,1.7229375
2023-07-06-08-47,10.9.1.94,159-002-003,2,3,6.37,9,8.174,8.0929375,1.7229375
2023-07-06-08-48,10.9.1.94,159-002-003,2,3,6.43,8.93,8.174,8.1529375,1.7229375
2023-07-06-08-49,10.9.1.94,159-002-003,2,3,6.43,8.93,8.174,8.1529375,1.7229375
2023-07-06-08-50,10.9.1.94,159-002-003,2,3,6.37,8.93,8.174,8.0929375,1.7229375
2023-07-06-08-51,10.9.1.94,159-002-003,2,3,6.43,8.93,8.149,8.1529375,1.7229375
2023-07-06-08-52,10.9.1.94,159-002-003,2,3,6.37,8.93,8.149,8.0929375,1.7229375
2023-07-06-08-53,10.9.1.94,159-002-003,2,3,6.37,8.93,8.149,8.0929375,1.7229375
2023-07-06-08-54,10.9.1.94,159-002-003,2,3,6.37,8.93,8.149,8.0929375,1.7229375
2023-07-06-08-55,10.9.1.94,159-002-003,2,3,6.37,8.87,8.149,8.0929375,1.7229375
2023-07-06-08-56,10.9.1.94,159-002-003,2,3,6.37,8.87,8.149,8.0929375,1.7229375
2023-07-06-08-57,10.9.1.94,159-002-003,2,3,6.37,8.87,8.149,8.0929375,1.7229375
2023-07-06-08-58,10.9.1.94,159-002-003,2,3,6.37,8.93,8.149,8.0929375,1.7229375
2023-07-06-08-59,10.9.1.94,159-002-003,2,3,6.31,8.87,8.149,8.0329375,1.7229375
2023-07-06-09-00,10.9.1.94,159-002-003,2,3,6.37,8.87,8.124,8.0929375,1.7229375
2023-07-06-09-01,10.9.1.94,159-002-003,2,3,6.31,8.87,8.124,8.0329375,1.7229375
2023-07-06-09-02,10.9.1.94,159-002-003,2,3,6.37,8.87,8.124,8.0929375,1.7229375
2023-07-06-09-03,10.9.1.94,159-002-003,2,3,6.37,8.87,8.099,8.0929375,1.7229375
2023-07-06-09-04,10.9.1.94,159-002-003,2,3,6.31,8.87,8.124,8.0329375,1.7229375
2023-07-06-09-05,10.9.1.94,159-002-003,2,3,6.31,8.87,8.124,8.0329375,1.7229375
2023-07-06-09-06,10.9.1.94,159-002-003,2,3,6.31,8.87,8.074,8.0329375,1.7229375
2023-07-06-09-07,10.9.1.94,159-002-003,2,3,6.25,8.87,8.074,7.9729375,1.7229375
2023-07-06-09-08,10.9.1.94,159-002-003,2,3,6.25,8.87,8.049,7.9729375,1.7229375
2023-07-06-09-09,10.9.1.94,159-002-003,2,3,6.25,8.81,8.024,7.9729375,1.7229375
2023-07-06-09-10,10.9.1.94,159-002-003,2,3,6.18,8.81,8.024,7.9029375,1.7229375
2023-07-06-09-11,10.9.1.94,159-002-003,2,3,6.18,8.81,7.999,7.9029375,1.7229375
2023-07-06-09-12,10.9.1.94,159-002-003,2,3,6.12,8.75,7.974,7.8429375,1.7229375
2023-07-06-09-13,10.9.1.94,159-002-003,2,3,6.12,8.75,7.974,7.8429375,1.7229375
2023-07-06-09-14,10.9.1.94,159-002-003,2,3,6.12,8.68,7.949,7.8429375,1.7229375
2023-07-06-09-15,10.9.1.94,159-002-003,2,3,6.12,8.68,7.949,7.8429375,1.7229375
2023-07-06-09-16,10.9.1.94,159-002-003,2,3,6.06,8.68,7.924,7.7829375,1.7229375
2023-07-06-09-17,10.9.1.94,159-002-003,2,3,6.06,8.62,7.899,7.7829375,1.7229375
2023-07-06-09-18,10.9.1.94,159-002-003,2,3,6.06,8.62,7.899,7.7829375,1.7229375
2023-07-06-09-19,10.9.1.94,159-002-003,2,3,6.06,8.62,7.899,7.7829375,1.7229375
2023-07-06-09-20,10.9.1.94,159-002-003,2,3,6.06,8.62,7.874,7.7829375,1.7229375
2023-07-06-09-21,10.9.1.94,159-002-003,2,3,6,8.56,7.849,7.7229375,1.7229375
2023-07-06-09-22,10.9.1.94,159-002-003,2,3,6,8.56,7.849,7.7229375,1.7229375
2023-07-06-09-23,10.9.1.94,159-002-003,2,3,6,8.56,7.849,7.7229375,1.7229375
2023-07-06-09-24,10.9.1.94,159-002-003,2,3,6,8.56,7.849,7.7229375,1.7229375
2023-07-06-09-25,10.9.1.94,159-002-003,2,3,6.06,8.56,7.824,7.7829375,1.7229375
2023-07-06-09-26,10.9.1.94,159-002-003,2,3,6.06,8.56,7.824,7.7829375,1.7229375
2023-07-06-09-27,10.9.1.94,159-002-003,2,3,5.93,8.56,7.824,7.6529375,1.7229375
2023-07-06-10-28,10.9.1.95,159-002-004,2,4,7.5,9.62,8.223,7.9418125,0.4418125
2023-07-06-10-29,10.9.1.95,159-002-004,2,4,7.5,9.81,8.198,7.9418125,0.4418125
2023-07-06-10-30,10.9.1.95,159-002-004,2,4,7.5,9.93,8.074,7.9418125,0.4418125
2023-07-06-10-31,10.9.1.95,159-002-004,2,4,7.31,9.81,7.924,7.7518125,0.4418125
2023-07-06-10-32,10.9.1.95,159-002-004,2,4,7.06,9.62,7.799,7.5018125,0.4418125
2023-07-06-10-33,10.9.1.95,159-002-004,2,4,7,9.62,7.699,7.4418125,0.4418125
2023-07-06-10-34,10.9.1.95,159-002-004,2,4,6.93,9.62,7.623,7.3718125,0.4418125
2023-07-06-10-35,10.9.1.95,159-002-004,2,4,6.93,9.62,7.573,7.3718125,0.4418125
2023-07-06-10-36,10.9.1.95,159-002-004,2,4,6.93,9.56,7.548,7.3718125,0.4418125
2023-07-06-10-37,10.9.1.95,159-002-004,2,4,6.93,9.5,7.523,7.3718125,0.4418125
2023-07-06-10-38,10.9.1.95,159-002-004,2,4,6.87,9.5,7.523,7.3118125,0.4418125
2023-07-06-10-39,10.9.1.95,159-002-004,2,4,6.93,9.5,7.523,7.3718125,0.4418125
2023-07-06-10-40,10.9.1.95,159-002-004,2,4,7,9.5,7.498,7.4418125,0.4418125
2023-07-06-10-41,10.9.1.95,159-002-004,2,4,6.93,9.5,7.523,7.3718125,0.4418125
2023-07-06-10-42,10.9.1.95,159-002-004,2,4,6.93,9.56,7.573,7.3718125,0.4418125
2023-07-06-10-43,10.9.1.95,159-002-004,2,4,7.12,9.62,7.598,7.5618125,0.4418125
2023-07-06-10-44,10.9.1.95,159-002-004,2,4,7.12,9.62,7.623,7.5618125,0.4418125
2023-07-06-10-45,10.9.1.95,159-002-004,2,4,7.18,9.62,7.673,7.6218125,0.4418125
2023-07-06-10-46,10.9.1.95,159-002-004,2,4,7.25,9.62,7.699,7.6918125,0.4418125
2023-07-06-10-47,10.9.1.95,159-002-004,2,4,7.25,9.68,7.749,7.6918125,0.4418125
2023-07-06-10-48,10.9.1.95,159-002-004,2,4,7.37,9.75,7.774,7.8118125,0.4418125
2023-07-06-10-49,10.9.1.95,159-002-004,2,4,7.43,9.81,7.824,7.8718125,0.4418125
2023-07-06-10-50,10.9.1.95,159-002-004,2,4,7.5,9.81,7.849,7.9418125,0.4418125
2023-07-06-10-51,10.9.1.95,159-002-004,2,4,7.5,9.87,7.874,7.9418125,0.4418125
2023-07-06-10-52,10.9.1.95,159-002-004,2,4,7.5,9.87,7.899,7.9418125,0.4418125
2023-07-06-10-53,10.9.1.95,159-002-004,2,4,7.5,9.93,7.899,7.9418125,0.4418125
2023-07-06-10-54,10.9.1.95,159-002-004,2,4,7.5,9.93,7.924,7.9418125,0.4418125
2023-07-06-10-55,10.9.1.95,159-002-004,2,4,7.5,9.93,7.949,7.9418125,0.4418125
2023-07-06-10-56,10.9.1.95,159-002-004,2,4,7.5,9.93,7.949,7.9418125,0.4418125
2023-07-06-10-57,10.9.1.95,159-002-004,2,4,7.5,9.93,7.949,7.9418125,0.4418125
2023-07-06-10-58,10.9.1.95,159-002-004,2,4,7.5,9.93,7.949,7.9418125,0.4418125
2023-07-06-10-59,10.9.1.95,159-002-004,2,4,7.5,9.93,7.949,7.9418125,0.4418125
2023-07-06-11-00,10.9.1.95,159-002-004,2,4,7.5,9.93,7.924,7.9418125,0.4418125
2023-07-06-11-01,10.9.1.95,159-002-004,2,4,7.5,9.87,7.924,7.9418125,0.4418125
2023-07-06-11-02,10.9.1.95,159-002-004,2,4,7.5,9.87,7.924,7.9418125,0.4418125
2023-07-06-11-03,10.9.1.95,159-002-004,2,4,7.43,9.87,7.924,7.8718125,0.4418125
2023-07-06-11-04,10.9.1.95,159-002-004,2,4,7.5,9.87,7.899,7.9418125,0.4418125
2023-07-06-11-05,10.9.1.95,159-002-004,2,4,7.5,9.93,7.899,7.9418125,0.4418125
2023-07-06-11-06,10.9.1.95,159-002-004,2,4,7.43,9.93,7.899,7.8718125,0.4418125
2023-07-06-11-07,10.9.1.95,159-002-004,2,4,7.43,9.87,7.899,7.8718125,0.4418125
2023-07-06-11-08,10.9.1.95,159-002-004,2,4,7.43,9.87,7.899,7.8718125,0.4418125
2023-07-06-11-09,10.9.1.95,159-002-004,2,4,7.43,9.87,7.874,7.8718125,0.4418125
2023-07-06-11-10,10.9.1.95,159-002-004,2,4,7.43,9.81,7.874,7.8718125,0.4418125
2023-07-06-11-11,10.9.1.95,159-002-004,2,4,7.43,9.87,7.874,7.8718125,0.4418125
2023-07-06-11-12,10.9.1.95,159-002-004,2,4,7.43,9.81,7.849,7.8718125,0.4418125
2023-07-06-11-13,10.9.1.95,159-002-004,2,4,7.37,9.81,7.849,7.8118125,0.4418125
2023-07-06-11-14,10.9.1.95,159-002-004,2,4,7.37,9.81,7.849,7.8118125,0.4418125
2023-07-06-11-15,10.9.1.95,159-002-004,2,4,7.37,9.75,7.824,7.8118125,0.4418125
2023-07-06-11-16,10.9.1.95,159-002-004,2,4,7.31,9.75,7.824,7.7518125,0.4418125
2023-07-06-11-17,10.9.1.95,159-002-004,2,4,7.31,9.75,7.799,7.7518125,0.4418125
2023-07-06-11-18,10.9.1.95,159-002-004,2,4,7.31,9.68,7.799,7.7518125,0.4418125
2023-07-06-11-19,10.9.1.95,159-002-004,2,4,7.25,9.68,7.774,7.6918125,0.4418125
2023-07-06-11-20,10.9.1.95,159-002-004,2,4,7.18,9.62,7.774,7.6218125,0.4418125
2023-07-06-11-21,10.9.1.95,159-002-004,2,4,7.18,9.62,7.749,7.6218125,0.4418125
2023-07-06-11-22,10.9.1.95,159-002-004,2,4,7.18,9.62,7.749,7.6218125,0.4418125
2023-07-06-11-23,10.9.1.95,159-002-004,2,4,7.18,9.62,7.749,7.6218125,0.4418125
2023-07-06-11-24,10.9.1.95,159-002-004,2,4,7.12,9.62,7.749,7.5618125,0.4418125
2023-07-06-11-25,10.9.1.95,159-002-004,2,4,7.18,9.62,7.724,7.6218125,0.4418125
2023-07-06-11-26,10.9.1.95,159-002-004,2,4,7.18,9.62,7.724,7.6218125,0.4418125
2023-07-06-11-27,10.9.1.95,159-002-004,2,4,7.18,9.62,7.724,7.6218125,0.4418125
2023-07-06-11-28,10.9.1.95,159-002-004,2,4,7.12,9.62,7.724,7.5618125,0.4418125
2023-07-06-11-29,10.9.1.95,159-002-004,2,4,7.18,9.62,7.724,7.6218125,0.4418125
2023-07-05-12-04,10.9.1.96,159-003-001,3,1,5.93,8.06,7.899,7.241625,1.311625
2023-07-05-12-05,10.9.1.96,159-003-001,3,1,5.93,8.06,7.774,7.241625,1.311625
2023-07-05-12-06,10.9.1.96,159-003-001,3,1,5.87,8.06,7.623,7.181625,1.311625
2023-07-05-12-07,10.9.1.96,159-003-001,3,1,5.68,8,7.448,6.991625,1.311625
2023-07-05-12-08,10.9.1.96,159-003-001,3,1,5.68,7.87,7.297,6.991625,1.311625
2023-07-05-12-09,10.9.1.96,159-003-001,3,1,5.68,7.87,7.171,6.991625,1.311625
2023-07-05-12-10,10.9.1.96,159-003-001,3,1,5.62,7.87,7.095,6.931625,1.311625
2023-07-05-12-11,10.9.1.96,159-003-001,3,1,5.68,7.81,7.07,6.991625,1.311625
2023-07-05-12-12,10.9.1.96,159-003-001,3,1,5.68,7.81,7.07,6.991625,1.311625
2023-07-05-12-13,10.9.1.96,159-003-001,3,1,5.68,7.81,7.07,6.991625,1.311625
2023-07-05-12-14,10.9.1.96,159-003-001,3,1,5.68,7.81,7.07,6.991625,1.311625
2023-07-05-12-15,10.9.1.96,159-003-001,3,1,5.68,7.81,7.095,6.991625,1.311625
2023-07-05-12-16,10.9.1.96,159-003-001,3,1,5.68,7.87,7.095,6.991625,1.311625
2023-07-05-12-17,10.9.1.96,159-003-001,3,1,5.75,7.87,7.12,7.061625,1.311625
2023-07-05-12-18,10.9.1.96,159-003-001,3,1,5.81,7.87,7.146,7.121625,1.311625
2023-07-05-12-19,10.9.1.96,159-003-001,3,1,5.87,7.87,7.171,7.181625,1.311625
2023-07-05-12-20,10.9.1.96,159-003-001,3,1,5.87,7.87,7.171,7.181625,1.311625
2023-07-05-12-21,10.9.1.96,159-003-001,3,1,5.87,7.87,7.196,7.181625,1.311625
2023-07-05-12-22,10.9.1.96,159-003-001,3,1,5.87,7.87,7.196,7.181625,1.311625
2023-07-05-12-23,10.9.1.96,159-003-001,3,1,5.93,7.87,7.221,7.241625,1.311625
2023-07-05-12-24,10.9.1.96,159-003-001,3,1,5.93,7.87,7.221,7.241625,1.311625
2023-07-05-12-25,10.9.1.96,159-003-001,3,1,5.93,7.87,7.196,7.241625,1.311625
2023-07-05-12-26,10.9.1.96,159-003-001,3,1,5.87,7.87,7.196,7.181625,1.311625
2023-07-05-12-27,10.9.1.96,159-003-001,3,1,5.87,7.87,7.196,7.181625,1.311625
2023-07-05-12-28,10.9.1.96,159-003-001,3,1,5.87,7.87,7.196,7.181625,1.311625
2023-07-05-12-29,10.9.1.96,159-003-001,3,1,5.87,7.87,7.171,7.181625,1.311625
2023-07-05-12-30,10.9.1.96,159-003-001,3,1,5.87,7.87,7.171,7.181625,1.311625
2023-07-05-12-31,10.9.1.96,159-003-001,3,1,5.81,7.87,7.146,7.121625,1.311625
2023-07-05-12-32,10.9.1.96,159-003-001,3,1,5.81,7.87,7.146,7.121625,1.311625
2023-07-05-12-33,10.9.1.96,159-003-001,3,1,5.81,7.87,7.146,7.121625,1.311625
2023-07-05-12-34,10.9.1.96,159-003-001,3,1,5.81,7.87,7.146,7.121625,1.311625
2023-07-05-12-35,10.9.1.96,159-003-001,3,1,5.81,7.87,7.146,7.121625,1.311625
2023-07-05-12-36,10.9.1.96,159-003-001,3,1,5.87,7.87,7.146,7.181625,1.311625
2023-07-05-12-37,10.9.1.96,159-003-001,3,1,5.87,7.87,7.146,7.181625,1.311625
2023-07-05-12-38,10.9.1.96,159-003-001,3,1,5.87,7.87,7.146,7.181625,1.311625
2023-07-05-12-39,10.9.1.96,159-003-001,3,1,5.87,7.87,7.146,7.181625,1.311625
2023-07-05-12-40,10.9.1.96,159-003-001,3,1,5.87,7.87,7.146,7.181625,1.311625
2023-07-05-12-41,10.9.1.96,159-003-001,3,1,5.87,7.87,7.12,7.181625,1.311625
2023-07-05-12-42,10.9.1.96,159-003-001,3,1,5.87,7.87,7.146,7.181625,1.311625
2023-07-05-12-43,10.9.1.96,159-003-001,3,1,5.87,7.87,7.146,7.181625,1.311625
2023-07-05-12-44,10.9.1.96,159-003-001,3,1,5.87,7.87,7.146,7.181625,1.311625
2023-07-05-12-45,10.9.1.96,159-003-001,3,1,5.81,7.87,7.146,7.121625,1.311625
2023-07-05-12-46,10.9.1.96,159-003-001,3,1,5.81,7.87,7.12,7.121625,1.311625
2023-07-05-12-47,10.9.1.96,159-003-001,3,1,5.87,7.87,7.12,7.181625,1.311625
2023-07-05-12-48,10.9.1.96,159-003-001,3,1,5.87,7.87,7.12,7.181625,1.311625
2023-07-05-12-49,10.9.1.96,159-003-001,3,1,5.81,7.87,7.12,7.121625,1.311625
2023-07-05-12-50,10.9.1.96,159-003-001,3,1,5.81,7.87,7.12,7.121625,1.311625
2023-07-05-12-51,10.9.1.96,159-003-001,3,1,5.81,7.87,7.12,7.121625,1.311625
2023-07-05-12-52,10.9.1.96,159-003-001,3,1,5.81,7.87,7.12,7.121625,1.311625
2023-07-05-12-53,10.9.1.96,159-003-001,3,1,5.81,7.87,7.12,7.121625,1.311625
2023-07-05-12-54,10.9.1.96,159-003-001,3,1,5.81,7.87,7.12,7.121625,1.311625
2023-07-05-12-55,10.9.1.96,159-003-001,3,1,5.87,7.87,7.12,7.181625,1.311625
2023-07-05-12-56,10.9.1.96,159-003-001,3,1,5.87,7.87,7.12,7.181625,1.311625
2023-07-05-12-57,10.9.1.96,159-003-001,3,1,5.87,7.87,7.146,7.181625,1.311625
2023-07-05-12-58,10.9.1.96,159-003-001,3,1,5.87,7.87,7.146,7.181625,1.311625
2023-07-05-12-59,10.9.1.96,159-003-001,3,1,5.87,7.87,7.146,7.181625,1.311625
2023-07-05-13-00,10.9.1.96,159-003-001,3,1,5.87,7.87,7.146,7.181625,1.311625
2023-07-05-13-01,10.9.1.96,159-003-001,3,1,5.87,7.87,7.146,7.181625,1.311625
2023-07-05-13-02,10.9.1.96,159-003-001,3,1,5.87,7.87,7.146,7.181625,1.311625
2023-07-05-13-03,10.9.1.96,159-003-001,3,1,5.93,7.87,7.171,7.241625,1.311625
2023-07-05-13-04,10.9.1.96,159-003-001,3,1,5.93,7.87,7.171,7.241625,1.311625
2023-07-05-13-05,10.9.1.96,159-003-001,3,1,5.93,7.87,7.171,7.241625,1.311625
2023-07-05-13-06,10.9.1.96,159-003-001,3,1,5.93,7.87,7.171,7.241625,1.311625
2023-07-05-13-07,10.9.1.96,159-003-001,3,1,5.93,7.87,7.171,7.241625,1.311625
2023-07-05-13-08,10.9.1.96,159-003-001,3,1,5.93,7.93,7.196,7.241625,1.311625
2023-07-05-13-09,10.9.1.97,159-003-002,3,2,6.06,8.06,7.246,8.5489375,2.4889375
2023-07-05-13-10,10.9.1.97,159-003-002,3,2,7.5,8.87,8.024,9.9889375,2.4889375
2023-07-05-13-11,10.9.1.97,159-003-002,3,2,6.75,9.25,8.099,9.2389375,2.4889375
2023-07-05-13-12,10.9.1.97,159-003-002,3,2,6.06,9.12,7.999,8.5489375,2.4889375
2023-07-05-13-13,10.9.1.97,159-003-002,3,2,5.68,8.81,7.874,8.1689375,2.4889375
2023-07-05-13-14,10.9.1.97,159-003-002,3,2,5.31,8.62,7.749,7.7989375,2.4889375
2023-07-05-13-15,10.9.1.97,159-003-002,3,2,5.06,8.37,7.673,7.5489375,2.4889375
2023-07-05-13-16,10.9.1.97,159-003-002,3,2,5.06,8.18,7.623,7.5489375,2.4889375
2023-07-05-13-17,10.9.1.97,159-003-002,3,2,5.06,8.18,7.598,7.5489375,2.4889375
2023-07-05-13-18,10.9.1.97,159-003-002,3,2,5.06,8.06,7.598,7.5489375,2.4889375
2023-07-05-13-19,10.9.1.97,159-003-002,3,2,5.06,8,7.573,7.5489375,2.4889375
2023-07-05-13-20,10.9.1.97,159-003-002,3,2,5.06,7.93,7.548,7.5489375,2.4889375
2023-07-05-13-21,10.9.1.97,159-003-002,3,2,5.06,7.87,7.573,7.5489375,2.4889375
2023-07-05-13-22,10.9.1.97,159-003-002,3,2,5.06,7.87,7.573,7.5489375,2.4889375
2023-07-05-13-23,10.9.1.97,159-003-002,3,2,5.12,7.93,7.573,7.6089375,2.4889375
2023-07-05-13-24,10.9.1.97,159-003-002,3,2,5.06,7.93,7.573,7.5489375,2.4889375
2023-07-05-13-25,10.9.1.97,159-003-002,3,2,5.12,7.93,7.573,7.6089375,2.4889375
2023-07-05-13-26,10.9.1.97,159-003-002,3,2,5.12,7.93,7.573,7.6089375,2.4889375
2023-07-05-13-27,10.9.1.97,159-003-002,3,2,5.12,7.93,7.598,7.6089375,2.4889375
2023-07-05-13-28,10.9.1.97,159-003-002,3,2,5.18,7.93,7.598,7.6689375,2.4889375
2023-07-05-13-29,10.9.1.97,159-003-002,3,2,5.12,7.93,7.598,7.6089375,2.4889375
2023-07-05-13-30,10.9.1.97,159-003-002,3,2,5.18,8,7.598,7.6689375,2.4889375
2023-07-05-13-31,10.9.1.97,159-003-002,3,2,5.25,7.93,7.598,7.7389375,2.4889375
2023-07-05-13-32,10.9.1.97,159-003-002,3,2,5.18,8,7.573,7.6689375,2.4889375
2023-07-05-13-33,10.9.1.97,159-003-002,3,2,5.18,7.93,7.598,7.6689375,2.4889375
2023-07-05-13-34,10.9.1.97,159-003-002,3,2,5.25,7.93,7.623,7.7389375,2.4889375
2023-07-05-13-35,10.9.1.97,159-003-002,3,2,5.25,7.93,7.598,7.7389375,2.4889375
2023-07-05-13-36,10.9.1.97,159-003-002,3,2,5.18,7.93,7.598,7.6689375,2.4889375
2023-07-05-13-37,10.9.1.97,159-003-002,3,2,5.06,8,7.573,7.5489375,2.4889375
2023-07-05-13-38,10.9.1.97,159-003-002,3,2,5.06,7.93,7.573,7.5489375,2.4889375
2023-07-05-13-39,10.9.1.97,159-003-002,3,2,5.06,7.87,7.523,7.5489375,2.4889375
2023-07-05-13-40,10.9.1.97,159-003-002,3,2,5.06,7.81,7.523,7.5489375,2.4889375
2023-07-05-13-41,10.9.1.97,159-003-002,3,2,5.06,7.75,7.523,7.5489375,2.4889375
2023-07-05-13-42,10.9.1.97,159-003-002,3,2,5.06,7.75,7.548,7.5489375,2.4889375
2023-07-05-13-43,10.9.1.97,159-003-002,3,2,5.06,7.87,7.548,7.5489375,2.4889375
2023-07-05-13-44,10.9.1.97,159-003-002,3,2,5.06,7.87,7.573,7.5489375,2.4889375
2023-07-05-13-45,10.9.1.97,159-003-002,3,2,5.06,7.87,7.573,7.5489375,2.4889375
2023-07-05-13-46,10.9.1.97,159-003-002,3,2,5.06,7.87,7.573,7.5489375,2.4889375
2023-07-05-13-47,10.9.1.97,159-003-002,3,2,5.06,7.93,7.573,7.5489375,2.4889375
2023-07-05-13-48,10.9.1.97,159-003-002,3,2,5.06,7.93,7.573,7.5489375,2.4889375
2023-07-05-13-49,10.9.1.97,159-003-002,3,2,5.06,7.93,7.598,7.5489375,2.4889375
2023-07-05-13-50,10.9.1.97,159-003-002,3,2,5.12,7.93,7.598,7.6089375,2.4889375
2023-07-05-13-51,10.9.1.97,159-003-002,3,2,5.12,7.93,7.598,7.6089375,2.4889375
2023-07-05-13-52,10.9.1.97,159-003-002,3,2,5.12,7.93,7.598,7.6089375,2.4889375
2023-07-05-13-53,10.9.1.97,159-003-002,3,2,5.12,8,7.623,7.6089375,2.4889375
2023-07-05-13-54,10.9.1.97,159-003-002,3,2,5.18,8,7.598,7.6689375,2.4889375
2023-07-05-13-55,10.9.1.97,159-003-002,3,2,5.18,7.93,7.598,7.6689375,2.4889375
2023-07-05-13-56,10.9.1.97,159-003-002,3,2,5.25,7.93,7.623,7.7389375,2.4889375
2023-07-05-13-57,10.9.1.97,159-003-002,3,2,5.25,8,7.673,7.7389375,2.4889375
2023-07-05-13-58,10.9.1.97,159-003-002,3,2,5.37,8.06,7.699,7.8589375,2.4889375
2023-07-05-13-59,10.9.1.97,159-003-002,3,2,5.43,8.12,7.774,7.9189375,2.4889375
2023-07-05-14-00,10.9.1.97,159-003-002,3,2,5.5,8.18,7.799,7.9889375,2.4889375
2023-07-05-14-01,10.9.1.97,159-003-002,3,2,5.43,8.18,7.799,7.9189375,2.4889375
2023-07-05-14-02,10.9.1.97,159-003-002,3,2,5.43,8.18,7.799,7.9189375,2.4889375
2023-07-05-14-03,10.9.1.97,159-003-002,3,2,5.37,8.18,7.774,7.8589375,2.4889375
2023-07-05-14-04,10.9.1.97,159-003-002,3,2,5.31,8.12,7.749,7.7989375,2.4889375
2023-07-05-14-05,10.9.1.97,159-003-002,3,2,5.31,8.18,7.749,7.7989375,2.4889375
2023-07-05-14-06,10.9.1.97,159-003-002,3,2,5.25,8.18,7.749,7.7389375,2.4889375
2023-07-05-14-07,10.9.1.97,159-003-002,3,2,5.31,8.18,7.724,7.7989375,2.4889375
2023-07-05-14-08,10.9.1.97,159-003-002,3,2,5.25,8.18,7.724,7.7389375,2.4889375
2023-07-05-14-09,10.9.1.98,159-003-003,3,3,6.25,7,8.472,8.656375,2.406375
2023-07-05-14-10,10.9.1.98,159-003-003,3,3,7.93,8.43,8.969,10.336375,2.406375
2023-07-05-14-11,10.9.1.98,159-003-003,3,3,6.62,8.5,8.721,9.026375,2.406375
2023-07-05-14-12,10.9.1.98,159-003-003,3,3,5.62,8.06,8.273,8.026375,2.406375
2023-07-05-14-13,10.9.1.98,159-003-003,3,3,4.81,7.56,7.849,7.216375,2.406375
2023-07-05-14-14,10.9.1.98,159-003-003,3,3,4.62,7.06,7.523,7.026375,2.406375
2023-07-05-14-15,10.9.1.98,159-003-003,3,3,4.5,6.75,7.347,6.906375,2.406375
2023-07-05-14-16,10.9.1.98,159-003-003,3,3,4.56,6.62,7.246,6.966375,2.406375
2023-07-05-14-17,10.9.1.98,159-003-003,3,3,4.68,6.43,7.171,7.086375,2.406375
2023-07-05-14-18,10.9.1.98,159-003-003,3,3,4.81,6.37,7.146,7.216375,2.406375
2023-07-05-14-19,10.9.1.98,159-003-003,3,3,4.75,6.37,7.12,7.156375,2.406375
2023-07-05-14-20,10.9.1.98,159-003-003,3,3,4.81,6.37,7.095,7.216375,2.406375
2023-07-05-14-21,10.9.1.98,159-003-003,3,3,4.81,6.37,7.095,7.216375,2.406375
2023-07-05-14-22,10.9.1.98,159-003-003,3,3,4.81,6.37,7.095,7.216375,2.406375
2023-07-05-14-23,10.9.1.98,159-003-003,3,3,4.81,6.37,7.095,7.216375,2.406375
2023-07-05-14-24,10.9.1.98,159-003-003,3,3,4.81,6.37,7.07,7.216375,2.406375
2023-07-05-14-25,10.9.1.98,159-003-003,3,3,4.81,6.37,7.07,7.216375,2.406375
2023-07-05-14-26,10.9.1.98,159-003-003,3,3,4.81,6.37,7.07,7.216375,2.406375
2023-07-05-14-27,10.9.1.98,159-003-003,3,3,4.81,6.37,7.07,7.216375,2.406375
2023-07-05-14-28,10.9.1.98,159-003-003,3,3,4.81,6.37,7.095,7.216375,2.406375
2023-07-05-14-29,10.9.1.98,159-003-003,3,3,4.81,6.37,7.095,7.216375,2.406375
2023-07-05-14-30,10.9.1.98,159-003-003,3,3,4.81,6.37,7.095,7.216375,2.406375
2023-07-05-14-31,10.9.1.98,159-003-003,3,3,4.81,6.43,7.12,7.216375,2.406375
2023-07-05-14-32,10.9.1.98,159-003-003,3,3,4.81,6.43,7.12,7.216375,2.406375
2023-07-05-14-33,10.9.1.98,159-003-003,3,3,4.81,6.43,7.12,7.216375,2.406375
2023-07-05-14-34,10.9.1.98,159-003-003,3,3,4.81,6.5,7.146,7.216375,2.406375
2023-07-05-14-35,10.9.1.98,159-003-003,3,3,4.81,6.5,7.146,7.216375,2.406375
2023-07-05-14-36,10.9.1.98,159-003-003,3,3,4.81,6.5,7.146,7.216375,2.406375
2023-07-05-14-37,10.9.1.98,159-003-003,3,3,4.81,6.56,7.146,7.216375,2.406375
2023-07-05-14-38,10.9.1.98,159-003-003,3,3,4.81,6.56,7.171,7.216375,2.406375
2023-07-05-14-39,10.9.1.98,159-003-003,3,3,4.81,6.56,7.171,7.216375,2.406375
2023-07-05-14-40,10.9.1.98,159-003-003,3,3,4.81,6.56,7.171,7.216375,2.406375
2023-07-05-14-41,10.9.1.98,159-003-003,3,3,4.81,6.56,7.171,7.216375,2.406375
2023-07-05-14-42,10.9.1.98,159-003-003,3,3,4.81,6.56,7.196,7.216375,2.406375
2023-07-05-14-43,10.9.1.98,159-003-003,3,3,4.81,6.56,7.196,7.216375,2.406375
2023-07-05-14-44,10.9.1.98,159-003-003,3,3,4.81,6.56,7.196,7.216375,2.406375
2023-07-05-14-45,10.9.1.98,159-003-003,3,3,4.81,6.56,7.221,7.216375,2.406375
2023-07-05-14-46,10.9.1.98,159-003-003,3,3,4.81,6.62,7.221,7.216375,2.406375
2023-07-05-14-47,10.9.1.98,159-003-003,3,3,4.81,6.56,7.221,7.216375,2.406375
2023-07-05-14-48,10.9.1.98,159-003-003,3,3,4.81,6.62,7.221,7.216375,2.406375
2023-07-05-14-49,10.9.1.98,159-003-003,3,3,4.81,6.62,7.246,7.216375,2.406375
2023-07-05-14-50,10.9.1.98,159-003-003,3,3,4.81,6.62,7.221,7.216375,2.406375
2023-07-05-14-51,10.9.1.98,159-003-003,3,3,4.81,6.62,7.246,7.216375,2.406375
2023-07-05-14-52,10.9.1.98,159-003-003,3,3,4.81,6.62,7.246,7.216375,2.406375
2023-07-05-14-53,10.9.1.98,159-003-003,3,3,4.81,6.62,7.246,7.216375,2.406375
2023-07-05-14-54,10.9.1.98,159-003-003,3,3,4.81,6.68,7.272,7.216375,2.406375
2023-07-05-14-55,10.9.1.98,159-003-003,3,3,4.81,6.68,7.272,7.216375,2.406375
2023-07-05-14-56,10.9.1.98,159-003-003,3,3,4.81,6.62,7.297,7.216375,2.406375
2023-07-05-14-57,10.9.1.98,159-003-003,3,3,4.81,6.68,7.272,7.216375,2.406375
2023-07-05-14-58,10.9.1.98,159-003-003,3,3,4.81,6.68,7.272,7.216375,2.406375
2023-07-05-14-59,10.9.1.98,159-003-003,3,3,4.81,6.68,7.297,7.216375,2.406375
2023-07-05-15-00,10.9.1.98,159-003-003,3,3,4.81,6.75,7.297,7.216375,2.406375
2023-07-05-15-01,10.9.1.98,159-003-003,3,3,4.81,6.75,7.297,7.216375,2.406375
2023-07-05-15-02,10.9.1.98,159-003-003,3,3,4.81,6.68,7.297,7.216375,2.406375
2023-07-05-15-03,10.9.1.98,159-003-003,3,3,4.81,6.75,7.297,7.216375,2.406375
2023-07-05-15-04,10.9.1.98,159-003-003,3,3,4.87,6.75,7.297,7.276375,2.406375
2023-07-05-15-05,10.9.1.98,159-003-003,3,3,4.93,6.75,7.322,7.336375,2.406375
2023-07-05-15-06,10.9.1.98,159-003-003,3,3,4.81,6.68,7.322,7.216375,2.406375
2023-07-05-15-07,10.9.1.98,159-003-003,3,3,4.81,6.68,7.297,7.216375,2.406375
2023-07-05-15-08,10.9.1.98,159-003-003,3,3,4.81,6.62,7.297,7.216375,2.406375
2023-07-05-15-10,10.9.1.99,159-003-004,3,4,9.37,10.43,8.721,10.9238125,1.5538125
2023-07-05-15-11,10.9.1.99,159-003-004,3,4,8.43,10.68,8.795,9.9838125,1.5538125
2023-07-05-15-12,10.9.1.99,159-003-004,3,4,7.37,10.5,8.572,8.9238125,1.5538125
2023-07-05-15-13,10.9.1.99,159-003-004,3,4,6.68,10,8.348,8.2338125,1.5538125
2023-07-05-15-14,10.9.1.99,159-003-004,3,4,6.37,9.68,8.174,7.9238125,1.5538125
2023-07-05-15-15,10.9.1.99,159-003-004,3,4,6.25,9.25,8.024,7.8038125,1.5538125
2023-07-05-15-16,10.9.1.99,159-003-004,3,4,6.18,9.25,7.949,7.7338125,1.5538125
2023-07-05-15-17,10.9.1.99,159-003-004,3,4,6.18,9.06,7.874,7.7338125,1.5538125
2023-07-05-15-18,10.9.1.99,159-003-004,3,4,6.18,8.93,7.824,7.7338125,1.5538125
2023-07-05-15-19,10.9.1.99,159-003-004,3,4,6.18,8.87,7.799,7.7338125,1.5538125
2023-07-05-15-20,10.9.1.99,159-003-004,3,4,6.18,8.87,7.799,7.7338125,1.5538125
2023-07-05-15-21,10.9.1.99,159-003-004,3,4,6.18,8.87,7.799,7.7338125,1.5538125
2023-07-05-15-22,10.9.1.99,159-003-004,3,4,6.25,8.87,7.799,7.8038125,1.5538125
2023-07-05-15-23,10.9.1.99,159-003-004,3,4,6.31,8.87,7.799,7.8638125,1.5538125
2023-07-05-15-24,10.9.1.99,159-003-004,3,4,6.31,8.87,7.824,7.8638125,1.5538125
2023-07-05-15-25,10.9.1.99,159-003-004,3,4,6.31,8.87,7.849,7.8638125,1.5538125
2023-07-05-15-26,10.9.1.99,159-003-004,3,4,6.31,8.87,7.849,7.8638125,1.5538125
2023-07-05-15-27,10.9.1.99,159-003-004,3,4,6.31,8.87,7.849,7.8638125,1.5538125
2023-07-05-15-28,10.9.1.99,159-003-004,3,4,6.31,8.87,7.849,7.8638125,1.5538125
2023-07-05-15-29,10.9.1.99,159-003-004,3,4,6.31,8.87,7.849,7.8638125,1.5538125
2023-07-05-15-30,10.9.1.99,159-003-004,3,4,6.37,8.87,7.874,7.9238125,1.5538125
2023-07-05-15-31,10.9.1.99,159-003-004,3,4,6.31,8.87,7.874,7.8638125,1.5538125
2023-07-05-15-32,10.9.1.99,159-003-004,3,4,6.31,8.87,7.849,7.8638125,1.5538125
2023-07-05-15-33,10.9.1.99,159-003-004,3,4,6.31,8.81,7.849,7.8638125,1.5538125
2023-07-05-15-34,10.9.1.99,159-003-004,3,4,6.31,8.81,7.849,7.8638125,1.5538125
2023-07-05-15-35,10.9.1.99,159-003-004,3,4,6.31,8.75,7.849,7.8638125,1.5538125
2023-07-05-15-36,10.9.1.99,159-003-004,3,4,6.25,8.75,7.849,7.8038125,1.5538125
2023-07-05-15-37,10.9.1.99,159-003-004,3,4,6.18,8.68,7.824,7.7338125,1.5538125
2023-07-05-15-38,10.9.1.99,159-003-004,3,4,6.18,8.68,7.799,7.7338125,1.5538125
2023-07-05-15-39,10.9.1.99,159-003-004,3,4,6.18,8.68,7.774,7.7338125,1.5538125
2023-07-05-15-40,10.9.1.99,159-003-004,3,4,6.18,8.62,7.749,7.7338125,1.5538125
2023-07-05-15-41,10.9.1.99,159-003-004,3,4,6.18,8.62,7.749,7.7338125,1.5538125
2023-07-05-15-42,10.9.1.99,159-003-004,3,4,6.18,8.62,7.724,7.7338125,1.5538125
2023-07-05-15-43,10.9.1.99,159-003-004,3,4,6.18,8.56,7.724,7.7338125,1.5538125
2023-07-05-15-44,10.9.1.99,159-003-004,3,4,6.18,8.56,7.699,7.7338125,1.5538125
2023-07-05-15-45,10.9.1.99,159-003-004,3,4,6.18,8.56,7.699,7.7338125,1.5538125
2023-07-05-15-46,10.9.1.99,159-003-004,3,4,6.18,8.56,7.699,7.7338125,1.5538125
2023-07-05-15-47,10.9.1.99,159-003-004,3,4,6.18,8.56,7.673,7.7338125,1.5538125
2023-07-05-15-48,10.9.1.99,159-003-004,3,4,6.12,8.56,7.673,7.6738125,1.5538125
2023-07-05-15-49,10.9.1.99,159-003-004,3,4,6.06,8.56,7.648,7.6138125,1.5538125
2023-07-05-15-50,10.9.1.99,159-003-004,3,4,6.06,8.5,7.623,7.6138125,1.5538125
2023-07-05-15-51,10.9.1.99,159-003-004,3,4,6,8.43,7.623,7.5538125,1.5538125
2023-07-05-15-52,10.9.1.99,159-003-004,3,4,6.06,8.43,7.623,7.6138125,1.5538125
2023-07-05-15-53,10.9.1.99,159-003-004,3,4,6.06,8.43,7.623,7.6138125,1.5538125
2023-07-05-15-54,10.9.1.99,159-003-004,3,4,6.06,8.43,7.598,7.6138125,1.5538125
2023-07-05-15-55,10.9.1.99,159-003-004,3,4,6,8.43,7.598,7.5538125,1.5538125
2023-07-05-15-56,10.9.1.99,159-003-004,3,4,6,8.43,7.598,7.5538125,1.5538125
2023-07-05-15-57,10.9.1.99,159-003-004,3,4,6,8.43,7.598,7.5538125,1.5538125
2023-07-05-15-58,10.9.1.99,159-003-004,3,4,6,8.43,7.573,7.5538125,1.5538125
2023-07-05-15-59,10.9.1.99,159-003-004,3,4,6,8.43,7.573,7.5538125,1.5538125
2023-07-05-16-00,10.9.1.99,159-003-004,3,4,6,8.37,7.548,7.5538125,1.5538125
2023-07-05-16-01,10.9.1.99,159-003-004,3,4,6,8.31,7.523,7.5538125,1.5538125
2023-07-05-16-02,10.9.1.99,159-003-004,3,4,6,8.31,7.523,7.5538125,1.5538125